{"cameraMode":{"drawMode":0,"name":"Shaded","section":"Shading Mode"},"sceneLighting":false,"audioPlay":false,"sceneViewState":{"showFog":true,"showMaterialUpdate":false,"showSkybox":false,"showFlares":true,"showImageEffects":true,"showParticleSystems":true},"in2DMode":false,"pivot":{"x":-0.37800538539886477,"y":1.0858614444732667,"z":-1.0547301769256592},"rotation":{"x":0.028333866968750955,"y":0.9702208042144775,"z":-0.14099189639091493,"w":0.1949569284915924},"size":3.987680673599243,"orthographic":false}