{"cameraMode":{"drawMode":0,"name":"Shaded","section":"Shading Mode"},"sceneLighting":false,"audioPlay":false,"sceneViewState":{"showFog":true,"showMaterialUpdate":false,"showSkybox":false,"showFlares":true,"showImageEffects":true,"showParticleSystems":true},"in2DMode":false,"pivot":{"x":-0.09170007705688477,"y":0.8735023140907288,"z":1.069756031036377},"rotation":{"x":0.0494992733001709,"y":0.7265088558197022,"z":-0.052625712007284167,"w":0.6833560466766357},"size":3.8201935291290285,"orthographic":false}