{"cameraMode":{"drawMode":0,"name":"Shaded","section":"Shading Mode"},"sceneLighting":true,"audioPlay":false,"sceneViewState":{"showFog":true,"showMaterialUpdate":false,"showSkybox":false,"showFlares":true,"showImageEffects":true,"showParticleSystems":true},"in2DMode":false,"pivot":{"x":6.421141147613525,"y":0.7279045581817627,"z":-12.208187103271485},"rotation":{"x":0.019128376618027688,"y":0.7985194325447083,"z":-0.025409309193491937,"w":0.601137101650238},"size":11.608968734741211,"orthographic":false}