{"cameraMode":{"drawMode":0,"name":"Shaded","section":"Shading Mode"},"sceneLighting":false,"audioPlay":false,"sceneViewState":{"showFog":true,"showMaterialUpdate":false,"showSkybox":false,"showFlares":true,"showImageEffects":true,"showParticleSystems":true},"in2DMode":false,"pivot":{"x":8.992870330810547,"y":11.23972225189209,"z":-23.913122177124025},"rotation":{"x":0.03766029328107834,"y":0.9079001545906067,"z":-0.08358883857727051,"w":0.40904363989830019},"size":2.3394851684570314,"orthographic":false}