{"cameraMode":{"drawMode":0,"name":"Shaded","section":"Shading Mode"},"sceneLighting":false,"audioPlay":false,"sceneViewState":{"showFog":true,"showMaterialUpdate":false,"showSkybox":false,"showFlares":true,"showImageEffects":true,"showParticleSystems":true},"in2DMode":false,"pivot":{"x":0.12517684698104859,"y":0.889935314655304,"z":0.03371083736419678},"rotation":{"x":0.0494992733001709,"y":0.7265088558197022,"z":-0.052625712007284167,"w":0.6833560466766357},"size":4.497010231018066,"orthographic":false}