{"cameraMode":{"drawMode":0,"name":"Shaded","section":"Shading Mode"},"sceneLighting":false,"audioPlay":false,"sceneViewState":{"showFog":true,"showMaterialUpdate":false,"showSkybox":false,"showFlares":true,"showImageEffects":true,"showParticleSystems":true},"in2DMode":false,"pivot":{"x":1.2386741638183594,"y":0.3368351459503174,"z":-2.929043769836426},"rotation":{"x":0.017415616661310197,"y":0.9356898665428162,"z":-0.046644411981105807,"w":0.3493155539035797},"size":6.694772720336914,"orthographic":false}