{"cameraMode":{"drawMode":0,"name":"Shaded","section":"Shading Mode"},"sceneLighting":false,"audioPlay":false,"sceneViewState":{"showFog":true,"showMaterialUpdate":false,"showSkybox":false,"showFlares":true,"showImageEffects":true,"showParticleSystems":true},"in2DMode":false,"pivot":{"x":0.5170173645019531,"y":1.2457834482192994,"z":0.10655045509338379},"rotation":{"x":0.06272419542074204,"y":0.6920581459999085,"z":-0.060576289892196658,"w":0.716572642326355},"size":6.1946940422058109,"orthographic":false}