{"cameraMode":{"drawMode":0,"name":"Shaded","section":"Shading Mode"},"sceneLighting":true,"audioPlay":false,"sceneViewState":{"showFog":true,"showMaterialUpdate":false,"showSkybox":false,"showFlares":true,"showImageEffects":true,"showParticleSystems":true},"in2DMode":false,"pivot":{"x":0.3714714050292969,"y":1.2646733522415162,"z":-10.46998405456543},"rotation":{"x":0.021513530984520913,"y":0.6647295951843262,"z":-0.019155852496623994,"w":0.7465356588363648},"size":5.298769474029541,"orthographic":false}