{"cameraMode":{"drawMode":0,"name":"Shaded","section":"Shading Mode"},"sceneLighting":false,"audioPlay":false,"sceneViewState":{"showFog":true,"showMaterialUpdate":false,"showSkybox":false,"showFlares":true,"showImageEffects":true,"showParticleSystems":true},"in2DMode":false,"pivot":{"x":4.15605354309082,"y":-2.3522748947143556,"z":-0.8894220590591431},"rotation":{"x":0.13346992433071137,"y":0.7211557626724243,"z":-0.1449158936738968,"w":0.6641876101493836},"size":8.228447914123536,"orthographic":false}