{"cameraMode":{"drawMode":0,"name":"Shaded","section":"Shading Mode"},"sceneLighting":false,"audioPlay":false,"sceneViewState":{"showFog":true,"showMaterialUpdate":false,"showSkybox":false,"showFlares":true,"showImageEffects":true,"showParticleSystems":true},"in2DMode":false,"pivot":{"x":-2.2264785766601564,"y":-1.576651930809021,"z":0.8277277946472168},"rotation":{"x":-0.052334412932395938,"y":0.9344397783279419,"z":-0.15445460379123689,"w":-0.31662818789482119},"size":7.983555316925049,"orthographic":false}