{"cameraMode":{"drawMode":0,"name":"Shaded","section":"Shading Mode"},"sceneLighting":false,"audioPlay":false,"sceneViewState":{"showFog":true,"showMaterialUpdate":false,"showSkybox":false,"showFlares":true,"showImageEffects":true,"showParticleSystems":true},"in2DMode":false,"pivot":{"x":-4.005587100982666,"y":0.4284571409225464,"z":10.924407958984375},"rotation":{"x":-0.08045018464326859,"y":0.6852315068244934,"z":-0.07659602165222168,"w":-0.7198310494422913},"size":8.620530128479004,"orthographic":false}