{"cameraMode":{"drawMode":0,"name":"Shaded","section":"Shading Mode"},"sceneLighting":false,"audioPlay":false,"sceneViewState":{"showFog":true,"showMaterialUpdate":false,"showSkybox":false,"showFlares":true,"showImageEffects":true,"showParticleSystems":true},"in2DMode":false,"pivot":{"x":-0.001172482967376709,"y":0.8679457902908325,"z":-0.08894620835781098},"rotation":{"x":-0.0768008604645729,"y":-0.7751691937446594,"z":0.0960748940706253,"w":-0.6196900010108948},"size":4.2175211906433109,"orthographic":false}