{"cameraMode":{"drawMode":0,"name":"Shaded","section":"Shading Mode"},"sceneLighting":false,"audioPlay":false,"sceneViewState":{"showFog":true,"showMaterialUpdate":false,"showSkybox":false,"showFlares":true,"showImageEffects":true,"showParticleSystems":true},"in2DMode":false,"pivot":{"x":-0.8158283233642578,"y":1.3382792472839356,"z":-9.221807479858399},"rotation":{"x":-0.1329004019498825,"y":-0.7237356901168823,"z":0.1454351395368576,"w":-0.6613577008247376},"size":8.387211799621582,"orthographic":false}