{"cameraMode":{"drawMode":0,"name":"Shaded","section":"Shading Mode"},"sceneLighting":false,"audioPlay":false,"sceneViewState":{"showFog":true,"showMaterialUpdate":false,"showSkybox":false,"showFlares":true,"showImageEffects":true,"showParticleSystems":true},"in2DMode":false,"pivot":{"x":0.6725473403930664,"y":1.3115289211273194,"z":12.081957817077637},"rotation":{"x":0.10429621487855911,"y":0.6284241080284119,"z":-0.08555551618337631,"w":0.7660913467407227},"size":7.466186046600342,"orthographic":false}